Id,Predicted
1,-0.113819337
2,-0.578427187
3,-4998.654383
4,1.329296821
5,0.938497919
6,-0.04667221
7,-2.058032506
8,-0.785279244
9,4278.605438
10,-0.028584043
11,-0.345809336
12,-0.295492876
13,-1347.018435
14,0.349609719
15,-7275.404105
16,0.222044297
17,-284.8225641
18,-0.971309486
19,-2961.897276
20,-8921.244617
21,-4019.50646
22,-7679.949122
23,-0.493254118
24,-0.945760521
25,0.183222188
26,-0.047714734
27,1.122385907
28,0.013631523
29,-2495.043949
30,1.18663292
31,-25108.31771
32,1.153941519
33,1.496252933
34,0.109074052
35,-0.684132696
36,0.457640768
37,0.635777203
38,1.367426131
39,2.098586161
40,-2097.518084
41,0.012147463
42,-7518.116009
43,-0.058523812
44,-1945.953168
45,0.631979419
46,-6555.334981
47,1.438778137
48,-7391.28586
49,1.742507042
50,-6478.736662
51,-0.436406929
52,0.364696073
53,0.596890639
54,-0.868736458
55,-0.268481542
56,-8510.071308
57,269.6012585
58,1.092660011
59,-0.384329794
60,-0.824410884
61,-8330.651293
62,0.344619142
63,0.779271529
64,-2053.661417
65,2802.203517
66,1.62776068
67,-0.25265963
68,-0.830332309
69,0.208232476
70,-28920.19028
71,-7501.084261
72,-0.410538236
73,0.83471183
74,-0.602233866
75,1.118373742
76,-0.723503572
77,-1.830483186
78,603.6537215
79,1.016755167
80,-1.480591234
81,-2.174638401
82,-0.557154615
83,0.065199559
84,0.565910445
85,0.747613455
86,-23662.02535
87,1.294169333
88,-0.555000146
89,0.79193079
90,1.526178454
91,1776.042538
92,-25935.24329
93,-0.417109814
94,-5461.160966
95,0.3069356
96,-0.44124056
97,-1123.94855
98,0.993441976
99,0.843149906
100,1.658611289
101,0.476842309
102,-660.6129424
103,-0.293162281
104,1.169009537
105,-0.321222043
106,0.57933477
107,-10829.78154
108,0.09715695
109,1.421954169
110,-1498.556345
111,-0.628484027
112,-0.704598368
113,0.061761796
114,0.635461588
115,0.724138686
116,-1.17742
117,0.231746286
118,-0.041520256
119,-5052.875527
120,-0.656662256
121,-4668.125248
122,-22400.32622
123,-0.384519717
124,-9222.212806
125,-0.139935934
126,-0.876738343
127,-1213.47693
128,-8820.028615
129,-2718.989356
130,-0.147383596
131,-12009.85739
132,2806.281564
133,-2430.602619
134,1124.741376
135,-897.6567947
136,-8361.678502
137,-1.491978281
138,0.615563978
139,-7998.736753
140,0.022678973
141,0.02726994
142,-1276.424516
143,-0.925353458
144,-1332.127755
145,-0.460000999
146,0.413940003
147,-7380.250272
148,-1683.151792
149,1.099656446
150,-21134.75892
151,2952.299935
152,1.203836583
153,1.020541084
154,-1093.024859
155,-0.481864242
156,-1.311178399
157,-14125.62745
158,906.7687229
159,0.118630265
160,0.928479477
161,-2177.738312
162,-7975.250363
163,-0.007841181
164,2.050120684
165,-11388.38086
166,0.767104708
167,-1.27565879
168,429.6277552
169,-0.302426221
170,0.328509484
171,0.696891689
172,-0.27088424
173,-4851.061651
174,-0.284400606
175,0.896643942
176,0.104999088
177,0.924087001
178,-5263.745524
179,0.46845938
180,-2001.614991
181,1.069001864
182,0.293493022
183,-0.581421552
184,0.549703558
185,-0.522386612
186,-279.481548
187,0.215932368
188,-0.285295993
189,0.506600163
190,-1.279614071
191,-7224.468189
192,0.423929429
193,-2021.330827
194,-0.216797911
195,-1024.232893
196,-4973.923225
197,-0.327231262
198,-0.546473951
199,-3558.106058
200,-1995.27673
201,-1.025978579
202,0.067831063
203,-34734.51342
204,0.333688987
205,-10064.15901
206,-1.383424758
207,-0.656477973
208,-0.992665052
209,-0.420517648
210,-0.163252434
211,1.759139461
212,0.22719241
213,-26936.6554
214,-7512.876177
215,-0.206924571
216,-1.327073355
217,0.176021378
218,-0.220947012
219,-0.299243923
220,0.413514174
221,-0.390639394
222,-13485.46259
223,-28629.33182
224,20.20923021
225,1.543957188
226,-0.041315164
227,-0.621512162
228,1170.162977
229,-0.025902313
230,1.041382396
231,0.865115303
232,-4244.434405
233,-0.427943287
234,0.738117532
235,-4081.697993
236,-9793.561147
237,0.593839089
238,-4466.570768
239,-0.197185103
240,-0.594745664
241,0.500891448
242,-3282.308802
243,-16849.87841
244,-1107.799396
245,-0.189353468
246,-0.589196328
247,1.25000889
248,118.4164423
249,-0.620586237
250,-522.9540673
251,-435.0818858
252,-0.214420334
253,-4755.35865
254,-2090.053341
255,-0.674471767
256,-7647.874097
257,0.571785844
258,1.60247362
259,-1.158109438
260,0.222510554
261,-3997.358481
262,0.08590278
263,1.961084494
264,-0.001018304
265,-9913.327642
266,-8343.534322
267,-9659.253452
268,-0.874100656
269,1.478329124
270,-9340.155829
271,-0.150102337
272,-73.10171252
273,1000.492646
274,0.175827938
275,0.054252973
276,-6068.682405
277,0.978205727
278,0.339874836
279,0.470709067
280,1736.448775
281,159.894506
282,-7653.832514
283,0.436128693
284,-5107.471254
285,-8645.496642
286,-4094.136579
287,-0.111101614
288,0.007266359
289,0.231265995
290,-0.189211205
291,-1.151440879
292,-2.026746525
293,0.274110232
294,1.004043994
295,0.19443586
296,0.480221832
297,-0.040430726
298,-0.941293677
299,0.561861778
300,-0.261656555
301,0.368533217
302,-0.867659767
303,-0.328966708
304,-13311.37343
305,1.113551506
306,0.37711022
307,-7062.554441
308,-1.132949135
309,-0.282833177
310,-0.409350976
311,0.697599509
312,-0.429317571
313,-7061.848257
314,0.424129273
315,-0.209025714
316,-1.617499396
317,-0.076052117
318,0.718998985
319,-0.476293761
320,-1.466027878
321,-1.038757504
322,-0.63029649
323,-0.017437883
324,-1731.559077
325,287.4455351
326,-0.094647439
327,0.844896405
328,-1895.29257
329,-0.980933992
330,-18393.88581
331,-11798.55322
332,0.171908686
333,4.247298127
334,-0.886277182
335,-0.601241043
336,-7663.035058
337,-0.201927474
338,-0.044045624
339,-10380.72898
340,-0.567293699
341,-4598.988379
342,-590.6550945
343,720.2336733
344,-0.235772329
345,0.420553223
346,-5343.028223
347,0.752173153
348,1.652284855
349,-5220.911821
350,-2.080312608
351,-1.256250693
352,-0.393413081
353,-0.090812902
354,0.564396044
355,-582.1502467
356,-3004.595877
357,-0.414065432
358,-0.249842719
359,-0.174585864
360,1.14455428
361,-1700.241265
362,-0.078659933
363,0.156485932
364,-1.31354756
365,-1652.455133
366,-9351.347157
367,-1.969575403
368,-6723.633983
369,-0.722765286
370,-0.384623328
371,-0.531642919
372,-0.844098326
373,-0.47556609
374,-6763.937866
375,0.716665856
376,-0.405902843
377,-0.749900697
378,-3789.736924
379,-5934.661374
380,0.90215383
381,-0.331496613
382,-0.004737351
383,-54.2159359
384,-0.733236169
385,-0.397471372
386,-7176.059147
387,-4803.435197
388,0.981405142
389,0.334014229
390,-0.0359466
391,-1.530867093
392,-4533.006344
393,0.804143296
394,-14816.94922
395,-7486.810352
396,-1.259796377
397,92.60548148
398,0.161263748
399,-3709.48765
400,0.192204301
401,0.122987413
402,0.077501185
403,-0.901279785
404,0.480877477
405,-0.19648313
406,0.271159197
407,0.488958574
408,0.253615032
409,-0.624972742
410,0.653533454
411,0.066040179
412,0.233197982
413,0.214556501
414,-6528.427249
415,-0.040230146
416,1.154030372
417,1.120853407
418,-0.061983137
419,0.476450363
420,1.254436664
421,-2.070413134
422,-0.828583534
423,-2307.435603
424,-0.647070492
425,-0.067141756
426,0.09947015
427,0.564852802
428,0.814067128
429,-0.16243543
430,0.150217012
431,0.048631131
432,-0.689990416
433,-0.378184849
434,-0.308592975
435,-2877.533788
436,-6564.611048
437,-1.963455517
438,0.025967205
439,-19874.53742
440,-325.4183266
441,-0.72643144
442,-0.268674182
443,1.095771618
444,0.339738037
445,-6938.506171
446,0.031782477
447,0.450717888
448,-0.561942828
449,-0.2051941
450,-0.678936773
451,-799.0814724
452,0.641586689
453,-1371.665913
454,-3.936460411
455,-0.308737477
456,-1893.372674
457,-1.624126257
458,-0.410274575
459,0.34570168
460,-3877.626193
461,0.085170972
462,1.232397982
463,-3947.281055
464,-12774.10641
465,0.20094116
466,-0.731961559
467,0.175822627
468,0.408675007
469,-10805.55432
470,-0.237086131
471,-0.365741817
472,0.208882196
473,-8983.900777
474,-0.472401649
475,-440.8574431
476,0.301698261
477,-0.055075097
478,1.442397886
479,0.288185592
480,0.77791742
481,-0.177709645
482,-11936.29923
483,0.048202084
484,-0.458618228
485,-5330.205191
486,1.129428333
487,-0.039259924
488,-0.768831139
489,1.142958207
490,1.479668557
491,-0.215419098
492,-0.152721123
493,-6946.710526
494,-5217.157677
495,-11935.08887
496,-470.0988445
497,0.297651105
498,0.03345729
499,-1.983590121
500,0.43787501
501,-10734.30101
502,-7288.842202
503,0.354847563
504,865.3138168
505,-2.663826576
506,-8734.051322
507,-1.420137108
508,123.1507252
509,0.460826271
510,0.080228846
511,1.517541583
512,-14157.17703
513,-1.383677812
514,1.020660838
515,0.189980107
516,-0.651935958
517,0.982977188
518,0.063931028
519,1.48283593
520,0.03993588
521,-1.585262016
522,0.047870544
523,-0.728764171
524,-4827.078787
525,0.270337759
526,5.297757476
527,0.207573974
528,0.572564057
529,-0.188068735
530,-1.018337275
531,0.373832422
532,-1658.855234
533,-1.407209285
534,0.43036093
535,-1.523484367
536,636.0119173
537,-1.510793807
538,-34721.53109
539,-3756.293847
540,1.115461345
541,-4454.395659
542,-118.0347896
543,-0.225388072
544,-1.106428547
545,-0.479240589
546,0.314592995
547,-2112.875725
548,-0.257469335
549,1490.250985
550,-1.424628902
551,-0.728834668
552,-0.06325481
553,-0.093811501
554,-0.501819567
555,0.969527112
556,-3445.446458
557,0.052476452
558,0.101210574
559,0.106963913
560,-0.216214334
561,-2.175197403
562,-176.2171249
563,1582.829384
564,-5601.218801
565,-14933.85061
566,-6582.328466
567,-1.36332348
568,-0.245307144
569,-0.146920653
570,0.052353676
571,-4992.573943
572,0.796072235
573,-12422.37389
574,0.325525778
575,6228.658913
576,1.465300039
577,0.526129769
578,-17999.96427
579,-0.373579034
580,0.888249815
581,-1.356400784
582,-738.8924834
583,0.25607957
584,-7809.983817
585,-4285.130564
586,-4314.426836
587,-0.779609218
588,1.459261984
589,0.113443966
590,0.292076148
591,-12262.67685
592,-0.531172819
593,-0.708810152
594,-4249.736775
595,-0.71885168
596,-4845.451225
597,1258.046819
598,0.799454554
599,445.8270692
600,-11046.65017
601,-1.039354345
602,-0.437531044
603,1.000216473
604,-0.753883272
605,-0.015581919
606,-0.091885809
607,0.143241942
608,-0.077304384
609,0.925665753
610,0.854128959
611,-0.669701946
612,0.567499167
613,-750.1143557
614,0.018802282
615,-0.639468977
616,-6055.055449
617,-0.36879566
618,-6957.985956
619,-18746.36491
620,-938.5084898
621,0.929096408
622,0.734911112
623,0.558882217
624,0.452120942
625,0.209269
626,1178.166507
627,1472.574502
628,0.777982559
629,-5211.814011
630,-4664.165396
631,-0.666950307
632,0.395136986
633,4.997505272
634,0.150451221
635,-0.1966003
636,-9940.522611
637,0.158641239
638,-7555.72777
639,464.5740184
640,0.06423549
641,-22167.51784
642,-15657.48243
643,-0.070616537
644,0.913978691
645,0.370405824
646,0.212288806
647,0.712947493
648,0.553479994
649,-0.706814652
650,0.347816735
651,-3.743427139
652,-0.970137378
653,0.627910663
654,-6274.239495
655,-12530.33113
656,-31027.94282
657,-0.455384897
658,0.296221636
659,-1.498468487
660,0.882331795
661,-1.644528349
662,0.699877533
663,662.1538214
664,-0.206328354
665,-6768.506335
666,1.511942523
667,-0.054906479
668,0.064316223
669,-5360.314137
670,-8694.5375
671,-11802.46618
672,1.627848933
673,0.972711913
674,-3514.970126
675,-0.149396525
676,-0.697696399
677,-0.427115927
678,-7157.236126
679,-0.511149483
680,0.735453766
681,2.307381088
682,0.095033375
683,1.281168309
684,-10698.23268
685,-7230.53167
686,-0.80016629
687,-0.473456562
688,-0.586736438
689,-1.05289518
690,-0.126935452
691,0.627676714
692,-305.0742912
693,-30816.85757
694,-19671.4802
695,-14855.42859
696,294.0717703
697,-0.579970429
698,-0.602006345
699,0.912407913
700,0.371478824
701,2.590561749
702,1.038587876
703,0.123773844
704,0.991798208
705,-0.279202317
706,-2686.789478
707,-3186.762616
708,-0.234680047
709,1.047613741
710,-19531.74926
711,0.060404299
712,-18654.96259
713,-0.544352156
714,0.088257712
715,-0.311183332
716,-0.454310552
717,-0.409303198
718,0.494638081
719,-3356.991352
720,1.522505501
721,0.191025626
722,-1.512742629
723,-0.166966799
724,0.85806932
725,-0.524243362
726,-11779.07939
727,0.853592634
728,-0.656911293
729,-0.194558528
730,-0.143344497
731,-0.043286797
732,2.01594828
733,-0.274222115
734,-0.294921118
735,-0.243304582
736,-14595.04371
737,-0.293817095
738,-0.1815081
739,-1.188620463
740,0.144202951
741,-0.553347519
742,-0.655807072
743,-14826.36343
744,-1.396448241
745,0.263105814
746,0.019392547
747,-6530.159564
748,0.723908426
749,-0.302894139
750,-1.341786436
751,0.823458234
752,-6957.046982
753,-1830.558896
754,0.782356739
755,0.417938022
756,-1.317398268
757,759.2352917
758,0.37915094
759,0.492495653
760,2.246782302
761,-0.807435883
762,-1.249392075
763,0.524564071
764,2.186911438
765,-0.046240503
766,-0.915029142
767,0.836802323
768,-0.279783366
769,-8770.947387
770,0.387632802
771,-1.520987933
772,-11828.79863
773,0.575345074
774,-1514.248821
775,-7917.98483
776,-0.58226515
777,-5071.713579
778,2.725550383
779,-0.850336769
780,-0.968739145
781,-1.835708129
782,0.37924169
783,0.162168375
784,-0.981106903
785,233.7782123
786,0.523979801
787,1.059869962
788,-2.02231904
789,-0.537828643
790,0.891856329
791,-17019.29568
792,-0.250646109
793,-3.096260112
794,0.219249555
795,2.471688009
796,-9447.708121
797,-7216.445376
798,-0.26499837
799,5.018206024
800,0.774523715
801,-5984.433174
802,1.419694208
803,289.9134353
804,0.495260027
805,-0.261450643
806,-18513.35405
807,1.369186876
808,-0.267913583
809,-0.690663565
810,1.298422101
811,-9010.355963
812,1.093233826
813,0.686842894
814,-21188.41807
815,690.3450896
816,-2614.351725
817,-0.30278895
818,0.33294457
819,-18682.06154
820,0.814295296
821,0.389567867
822,-21260.28868
823,-0.438810939
824,0.347031301
825,0.098036908
826,-34173.02802
827,-0.060707259
828,2.083659592
829,-0.875181707
830,0.414863487
831,-484.9784467
832,-0.08618633
833,-0.925786323
834,0.088436637
835,-1.565399842
836,0.048584342
837,2817.025373
838,-0.35451887
839,-13285.84177
840,1.160171687
841,0.75928364
842,0.837574498
843,0.021706885
844,0.442796718
845,1.09488571
846,-2353.320987
847,-0.305679601
848,-0.46011353
849,-0.060652616
850,-0.074739605
851,-0.185768921
852,-0.876241475
853,-0.107912195
854,-0.452091766
855,-18699.13994
856,-2810.823606
857,-511.7937006
858,-10394.5675
859,0.600752974
860,-7033.663686
861,0.340800949
862,1.262839828
863,-0.440014899
864,0.036028691
865,-1.084477744
866,-7708.017009
867,1.268478887
868,0.708942686
869,0.124482657
870,-507.5919259
871,1.21009412
872,0.145604194
873,0.475976518
874,-0.699945611
875,1.513403466
876,-0.174825718
877,0.626651125
878,-0.877671708
879,0.808430951
880,0.121705566
881,0.54355127
882,-0.317437683
883,-2842.643674
884,-9690.208365
885,-2462.63826
886,1060.746241
887,-12045.20043
888,-343.9235324
889,-68.27547167
890,1.207387339
891,1.279377504
892,-5641.790862
893,-0.137514968
894,-6633.064277
895,-0.402102485
896,-0.643754862
897,0.569146809
898,-3517.979768
899,0.173835407
900,-4471.533978
901,-4258.305557
902,-1.121940708
903,-0.058009721
904,-1.002665511
905,-0.141362416
906,0.434120893
907,-0.836059918
908,-2444.252053
909,0.45741686
910,-0.060026443
911,0.565115046
912,-8260.507714
913,-0.584570495
914,-0.387705358
915,-0.267864812
916,-2859.698567
917,1.075965168
918,0.717240378
919,-0.232583636
920,-16988.49105
921,336.6797498
922,-0.934398215
923,-8270.371026
924,-0.860828012
925,-0.735925019
926,0.386955531
927,1436.435444
928,-7273.802179
929,0.307480647
930,-3535.167706
931,-15787.36655
932,0.786186206
933,1.790252694
934,-22828.3686
935,-6629.510875
936,-3324.32243
937,-6642.092846
938,0.261190965
939,0.49867172
940,-7660.840839
941,1.794968624
942,-10010.32449
943,-7297.777028
944,-0.644257908
945,2.348323132
946,0.76394867
947,-2942.925115
948,0.60733571
949,-15282.45143
950,0.564096683
951,0.053345382
952,-1.125221286
953,-0.456283522
954,-16331.18328
955,-0.112019012
956,0.722322351
957,0.074280159
958,-0.610406273
959,0.779381054
960,0.480909241
961,-0.73265896
962,-0.899366332
963,-0.067195451
964,-0.024140851
965,0.201603901
966,-1.452194142
967,538.6990622
968,0.233143077
969,-19694.43188
970,-1.485901568
971,-1.31362834
972,-0.720206562
973,-1.271317652
974,-0.889048382
975,-2010.170851
976,-0.812866472
977,0.464159609
978,-0.221089375
979,-20417.87758
980,-4483.386467
981,-1.033140135
982,-5128.737333
983,-0.060223708
984,0.369120222
985,-0.426559355
986,-0.313181338
987,-12211.67995
988,-287.1883201
989,-1.419714357
990,0.727460389
991,1.045576165
992,-18605.44222
993,-0.0895636
994,-0.798922697
995,-0.281515644
996,-1.063665654
997,1.109716937
998,-0.740113236
999,0.05433711
1000,0.729766846
1001,0.666005943
1002,-5693.474929
1003,5205.78823
1004,-0.540102793
1005,0.574259363
1006,-0.57921372
1007,-0.152466931
1008,-2441.786855
1009,-1.100207789
1010,0.198026198
1011,-0.561551942
1012,0.1626026
1013,0.446801073
1014,-6063.58948
1015,-0.154667403
1016,-0.183490969
1017,1.133570674
1018,-0.366585517
1019,-0.4577853
1020,0.323253212
1021,-1.154078272
1022,0.505579407
1023,-0.94432746
1024,0.733339037
1025,-0.116717123
1026,-0.919607677
1027,-0.896984849
1028,-0.971998096
1029,326.5144491
1030,-1.022567106
1031,-0.696249611
1032,-0.645617411
1033,-21406.35124
1034,-0.48991401
1035,1112.082728
1036,-0.361603849
1037,0.337085999
1038,0.150936192
1039,-13271.61024
1040,1.403663479
1041,-17682.87491
1042,0.417228415
1043,-0.307649825
1044,-15259.10531
1045,695.7073684
1046,0.214547096
1047,-7528.653094
1048,-0.50863785
1049,0.808020838
1050,-0.354483972
1051,-52.20375733
1052,-9851.826206
1053,0.388216959
1054,0.632550218
1055,0.325292872
1056,0.653956197
1057,-0.18698091
1058,-1446.630833
1059,0.117751519
1060,-0.09490945
1061,-0.158530681
1062,591.6218838
1063,-2735.38906
1064,0.300341672
1065,-1.480819963
1066,-0.546827147
1067,-3070.263684
1068,1.005447387
1069,-0.797511932
1070,-0.212410616
1071,1.678391875
1072,-0.521102775
1073,-3.761082912
1074,-5442.67832
1075,-0.775856016
1076,-0.265537302
1077,-10018.75154
1078,0.736680375
1079,-0.154198452
1080,-755.8145977
1081,0.045326884
1082,-0.299616515
1083,-0.154876113
1084,0.791033209
1085,0.483951362
1086,-10821.66408
1087,-1.202769826
1088,1.933379346
1089,0.482288291
1090,-1737.836628
1091,-0.455278669
1092,938.7215055
1093,-0.00864284
1094,276.2374383
1095,0.045030285
1096,0.19087722
1097,0.144001109
1098,448.385989
1099,-0.550077942
1100,-0.436813526
1101,-0.838549837
1102,0.008739879
1103,-14873.02897
1104,-0.951654752
1105,0.362354162
1106,-10991.39128
1107,-4350.528176
1108,0.930359237
1109,0.268692585
1110,-0.30856543
1111,-0.91211468
1112,-5854.946791
1113,-8775.846592
1114,-4051.569866
1115,-0.052603772
1116,-0.909093174
1117,-0.330157291
1118,-0.401645989
1119,-910.2385768
1120,-0.641868588
1121,-18138.72728
1122,-0.280570565
1123,1.398226064
1124,-4789.393637
1125,-2584.95686
1126,0.631780055
1127,1.685985466
1128,-7355.625299
1129,-0.073544991
1130,1.121523085
1131,-0.883378999
1132,-1.091370543
1133,-1.287077567
1134,0.072276646
1135,-1.037890088
1136,1.477475775
1137,0.413164694
1138,-11495.48873
1139,-5946.484018
1140,-2714.760643
1141,0.18018457
1142,-3060.483649
1143,6.169029844
1144,1.059807632
1145,-1.062783844
1146,0.269080322
1147,1.124529611
1148,0.67261057
1149,0.075237799
1150,-0.310648124
1151,-1012.728326
1152,-1.607988818
1153,-0.080749257
1154,-0.140382808
1155,1394.947525
1156,-0.078304859
1157,0.465847307
1158,0.410064857
1159,0.176584148
1160,-0.383067972
1161,-10941.62983
1162,-3258.086628
1163,-0.917770913
1164,-1.340832676
1165,-0.727896094
1166,-2374.312817
1167,-0.137153701
1168,-0.68178591
1169,-4077.561442
1170,-0.028039034
1171,0.268159777
1172,-5509.020316
1173,-0.721008865
1174,1557.258069
1175,1.989121467
1176,-1.222164645
1177,-23612.82934
1178,-6396.897031
1179,-15004.61886
1180,-4266.636679
1181,464.2013821
1182,-0.6719252
1183,-3065.68122
1184,-2.152229081
1185,-4844.850967
1186,-0.017475395
1187,0.71844772
1188,-13959.97315
1189,-1.512796265
1190,0.82379524
1191,-7020.957625
1192,-0.648129337
1193,0.994617798
1194,1.741812631
1195,1.068009239
1196,-4519.432774
1197,0.035243333
1198,-0.981181059
1199,-2947.467204
1200,-1296.118056
1201,0.411207227
1202,-412.2148873
1203,-0.189559732
1204,-5570.529126
1205,-0.399166833
1206,182.7606228
1207,0.605779804
1208,0.606947234
1209,0.760461681
1210,0.453663585
1211,-2476.741057
1212,-0.124316008
1213,-0.692449772
1214,-1.140095465
1215,0.747630085
1216,-18294.57977
1217,-2088.096837
1218,-866.5046627
1219,-0.589191163
1220,0.64922689
1221,0.361100496
1222,-356.9560137
1223,-63.7132319
1224,-3436.253467
1225,0.245969969
1226,-10646.05549
1227,-1.079039429
1228,-16965.04718
1229,-266.0874075
1230,890.3580645
1231,-0.089651757
1232,0.288004166
1233,1.23138265
1234,-3208.627336
1235,-0.298929636
1236,0.025994781
1237,0.300093342
1238,0.062308135
1239,0.656669397
1240,250.3362329
1241,-0.336001332
1242,1.294337908
1243,-0.721471614
1244,0.396009079
1245,0.319886381
1246,-0.379556255
1247,-0.363562178
1248,-0.043662589
1249,1.493678256
1250,-2562.329415
1251,-14958.80727
1252,-1.839023706
1253,1.35752082
1254,-0.382392122
1255,-0.452440956
1256,-60.289415
1257,0.455678442
1258,-12185.63053
1259,-23849.02159
1260,-27065.39773
1261,-5672.858061
1262,0.564674524
1263,-26141.29693
1264,0.079400299
1265,0.431515433
1266,-2548.01916
1267,-1.144867326
1268,-0.786338313
1269,0.562974379
1270,423.1415341
1271,0.745341193
1272,0.361286068
1273,0.26226578
1274,-16737.98511
1275,0.754477788
1276,-206.8516173
1277,0.767272207
1278,0.246565479
1279,-7084.713723
1280,1.541381364
1281,0.834823783
1282,-13632.5497
1283,0.209783035
1284,0.729399545
1285,-0.176501836
1286,-1.427950307
1287,-8011.163489
1288,-0.205137204
1289,1.091393947
1290,-0.279878866
1291,-1744.947331
1292,-0.227796994
1293,-0.477638457
1294,-0.136192511
1295,0.487809867
1296,0.12258838
1297,-0.267587272
1298,0.387379838
1299,-4334.859066
1300,-2602.894034
1301,-4277.522876
1302,0.13431415
1303,0.217653081
1304,-0.750815532
1305,0.017579695
1306,0.656227156
1307,-0.356986685
1308,0.384128302
1309,-0.522651925
1310,0.202437368
1311,-1.545873375
1312,136.7264289
1313,-21019.48262
1314,0.309215868
1315,-2793.42059
1316,0.255711585
1317,-0.91397994
1318,-16890.24358
1319,0.38419593
1320,-0.179892654
1321,-23415.88245
1322,0.50292732
1323,-0.306386808
1324,-0.002921286
1325,0.484960533
1326,1.422737583
1327,0.342792338
1328,-2823.857057
1329,-0.867030084
1330,0.207691499
1331,0.093776689
1332,0.839198377
1333,1.059010663
1334,0.401234772
1335,0.897517059
1336,0.292770044
1337,-5907.050854
1338,0.101848603
1339,0.246537806
1340,-0.480796574
1341,1.310318584
1342,-0.160162818
1343,-12091.44632
1344,1.8194164
1345,-12586.92004
1346,0.618518373
1347,0.421688943
1348,1.188684532
1349,-7876.743204
1350,1.456843068
1351,0.658535579
1352,-16586.51819
1353,-1.905345181
1354,37.97207777
1355,-243.2164198
1356,-0.801886468
1357,453.3668172
1358,-14184.34483
1359,0.034852387
1360,-11942.70531
1361,-0.425053007
1362,-2804.192739
1363,0.174635058
1364,-0.698689646
1365,-0.513374577
1366,-12165.2243
1367,-0.777584006
1368,-0.703192278
1369,0.208576284
1370,-1375.401484
1371,-4823.344491
1372,-5060.184136
1373,-0.498950298
1374,0.008231881
1375,0.345819258
1376,-0.860417193
1377,-0.091919154
1378,-12119.37392
1379,240.5305312
1380,-1.346135352
1381,0.644496988
1382,-3074.59378
1383,-0.959516857
1384,1.344769077
1385,0.597283753
1386,-0.087796222
1387,-2528.665517
1388,-7543.070633
1389,-0.310295712
1390,-1.757281153
1391,-5837.849072
1392,-1.117834163
1393,0.504745802
1394,0.725053643
1395,-0.683309814
1396,-0.567177392
1397,-0.015939003
1398,0.0919267
1399,1.249873281
1400,0.344139704
1401,1181.712379
1402,-0.207126443
1403,-3437.638234
1404,-0.313077604
1405,-0.545931052
1406,247.6411122
1407,0.826263109
1408,-0.720131191
1409,-0.685950882
1410,-8874.032459
1411,-0.781609255
1412,1.610016078
1413,-2302.143637
1414,0.847253425
1415,-0.361308921
1416,-0.900076439
1417,-3310.29733
1418,0.330406226
1419,-2473.915447
1420,0.592699551
1421,0.875684486
1422,-0.494066847
1423,2256.775185
1424,-1196.666691
1425,956.126608
1426,0.564131131
1427,-3118.548705
1428,-1.006492477
1429,1245.263788
1430,-3697.807761
1431,-0.488992414
1432,0.47727526
1433,-0.546341153
1434,0.743148634
1435,-10758.85534
1436,-21246.10302
1437,-0.778134969
1438,-3572.717277
1439,-4942.906302
1440,0.487895894
1441,-8795.903683
1442,-1.271164542
1443,0.69244653
1444,1.06564636
1445,0.375009802
1446,0.878623951
1447,-0.646617201
1448,0.059229286
1449,-0.292453582
1450,1.204659432
1451,0.541664944
1452,-1.16784147
1453,-1210.190255
1454,-3207.711238
1455,10.95315223
1456,-2641.947858
1457,0.572307766
1458,1.097132934
1459,-0.208580078
1460,-5144.905693
1461,-0.699265909
1462,0.477897235
1463,-0.199513307
1464,-1.643171809
1465,0.549967785
1466,0.849235021
1467,-3098.323059
1468,-3977.13722
1469,-1388.502319
1470,-0.465166614
1471,-7031.581285
1472,1.519582271
1473,-0.343544767
1474,1.228537341
1475,-1.021227089
1476,-3279.069547
1477,-5066.963787
1478,-0.106438511
1479,0.342473013
1480,0.075685712
1481,-2.399216661
1482,-0.191999844
1483,-1851.936788
1484,1.654889949
1485,0.049033974
1486,0.84405795
1487,-8431.026018
1488,0.210787471
1489,1.187901266
1490,-7736.819523
1491,1.119599696
1492,-2793.928047
1493,-1.08304462
1494,0.439142023
1495,-522.690637
1496,-13367.77054
1497,-615.440961
1498,-0.424012484
1499,-10366.74004
1500,155.8165494
1501,-6325.954415
1502,0.878549246
1503,0.3380544
1504,0.292083372
1505,0.843442534
1506,-6097.882672
1507,-0.96445376
1508,-880.5855271
1509,480.92399
1510,815.0062548
1511,0.357495362
1512,-1.256151836
1513,-0.392800421
1514,-0.335455597
1515,0.605918553
1516,1.003323773
1517,-0.472158899
1518,-1.913972042
1519,1.231540834
1520,0.060090237
1521,-2591.689406
1522,-0.365148431
1523,763.198066
1524,0.49014779
1525,-14292.20904
1526,-1230.402504
1527,-0.219611888
1528,585.867437
1529,-0.669621812
1530,-0.874154526
1531,407.1059695
1532,-0.776081169
1533,-0.066966244
1534,-1.397797459
1535,0.512817427
1536,-6011.614705
1537,132.5298525
1538,-0.340216235
1539,-359.9202753
1540,-3.297383391
1541,-5892.385519
1542,-5105.433874
1543,-1.14157727
1544,0.12505101
1545,-0.811639342
1546,-29161.19025
1547,0.165204692
1548,-1.231747842
1549,0.610710257
1550,-0.616337223
1551,-8685.613478
1552,-1.008637415
1553,-2603.362103
1554,-18444.11905
1555,-1428.605259
1556,-0.61798512
1557,-0.77211273
1558,-30035.94928
1559,1.164922827
1560,1.227528495
1561,0.476112565
1562,0.977344364
1563,-0.683064687
1564,0.031809107
1565,0.77631257
1566,-0.170407696
1567,0.286529219
1568,-0.582042902
1569,0.914117917
1570,0.635842238
1571,-3929.794009
1572,-13346.95876
1573,-4965.175226
1574,0.013312802
1575,-0.479852171
1576,0.122185793
1577,1.123799722
1578,-1.156694251
1579,1.478728459
1580,-8299.184413
1581,-0.305619633
1582,-1.815239875
1583,0.304902974
1584,-0.292894801
1585,-1.504952608
1586,-7121.794374
1587,-1.068114548
1588,0.602784434
1589,0.999720375
1590,-5562.746452
1591,-0.153323104
1592,-0.072207571
1593,-12354.95477
1594,-20267.3271
1595,-1.467279123
1596,-8938.288619
1597,0.051209198
1598,-5664.376274
1599,-1008.934435
1600,-0.397643767
1601,0.263679273
1602,-4442.267932
1603,-1.784791327
1604,0.050747699
1605,1.089988744
1606,2.060202219
1607,-1.22352212
1608,1.763360526
1609,0.6076646
1610,0.713380284
1611,-12889.75117
1612,-0.444827774
1613,-5038.306076
1614,-2998.098568
1615,3767.299893
1616,-0.955413167
1617,-0.818225423
1618,-17556.34373
1619,-1.04310689
1620,2.332106134
1621,-23121.1622
1622,-0.758738056
1623,-512.7753604
1624,0.222644467
1625,-1324.108315
1626,0.041353697
1627,0.185284016
1628,-1713.498004
1629,-15601.89161
1630,-0.444616869
1631,1.970851799
1632,-0.138355928
1633,0.852958625
1634,-0.427086978
1635,-27030.31355
1636,-0.041207196
1637,0.283286561
1638,-5726.198756
1639,-0.325953254
1640,-14994.54291
1641,-5930.964977
1642,0.190996714
1643,0.383984517
1644,2173.456866
1645,0.071004651
1646,0.451906969
1647,0.496915625
1648,-0.426821052
1649,-0.079214648
1650,0.5706074
1651,-5964.604552
1652,-15075.6129
1653,-4136.074416
1654,-12910.64941
1655,0.595079745
1656,1.68518076
1657,-0.199498038
1658,-2.390895527
1659,-0.854037711
1660,-0.59866249
1661,0.382516367
1662,0.170859252
1663,0.440324833
1664,0.688900947
1665,0.608956841
1666,-11618.93335
1667,-15977.75116
1668,1.623058719
1669,-1.756933264
1670,-0.84325175
1671,-1514.41402
1672,-6375.878874
1673,-5561.780581
1674,-1298.358053
1675,-0.390604159
1676,-1.877727349
1677,-202.1556857
1678,0.589291256
1679,-13756.99823
1680,-1.326873277
1681,-0.529933657
1682,-0.14757773
1683,-0.091080042
1684,0.297887057
1685,-0.523262784
1686,-0.881185346
1687,0.344308854
1688,-0.347373042
1689,0.829928337
1690,-0.25844252
1691,0.989980336
1692,-3256.387824
1693,-0.206243297
1694,-7202.996566
1695,-744.1846001
1696,0.573976855
1697,2649.172933
1698,0.878123666
1699,0.791084434
1700,-2163.64524
1701,0.226990221
1702,0.289282533
1703,-5458.309797
1704,0.665265075
1705,0.065152027
1706,-34634.48356
1707,-0.201328776
1708,-2080.177027
1709,-0.504399022
1710,-0.51213793
1711,-3168.341761
1712,0.316166039
1713,-1.04891086
1714,-0.355093289
1715,-3814.527479
1716,-0.625646329
1717,-9224.06055
1718,-6306.962476
1719,-0.821586131
1720,-0.471604291
1721,-4610.964735
1722,-1.646292671
1723,-1229.446011
1724,-18898.83474
1725,-5747.176714
1726,-0.919682602
1727,0.221693998
1728,-1.260708685
1729,0.296386927
1730,0.042222308
1731,0.412711977
1732,224.4615461
1733,-0.924365498
1734,0.612011502
1735,0.302541742
1736,-24026.75967
1737,1.333962756
1738,1.363687599
1739,0.583680547
1740,-0.132738766
1741,-0.610959813
1742,-3422.913732
1743,149.7084688
1744,669.3090839
1745,0.54326678
1746,-1.764765168
1747,1.463203616
1748,-918.640625
1749,-2608.997675
1750,-953.4566492
1751,0.087706941
1752,-0.486011863
1753,0.909516251
1754,-0.38452804
1755,0.054059765
1756,-0.138631839
1757,-2871.56503
1758,-0.358355734
1759,-0.164172092
1760,0.040954799
1761,-1.570277672
1762,-0.575342987
1763,0.838206229
1764,-5045.791243
1765,-0.289395952
1766,-0.053607852
1767,-1.484796099
1768,-22168.82711
1769,-883.2704506
1770,0.336533013
1771,-8795.495147
1772,0.533060435
1773,-0.057549174
1774,1.237717037
1775,-1.273449649
1776,-1.259956786
1777,-26660.23559
1778,-0.971749195
1779,-1.556158097
1780,-0.631126995
1781,-7287.992096
1782,-8224.269785
1783,-8083.474164
1784,-4197.42185
1785,0.709358861
1786,0.041362911
1787,1.032826402
1788,-21491.64016
1789,0.515373287
1790,756.4991599
1791,-6579.917456
1792,-0.621985907
1793,-14398.99414
1794,-5541.736784
1795,-1.541066322
1796,-18817.66049
1797,-2.000484584
1798,-5835.70252
1799,0.340242159
1800,-4031.310479
1801,-0.230926659
1802,0.493391221
1803,1.201334721
1804,-0.276217327
1805,0.181328354
1806,-2272.778237
1807,0.645713531
1808,1.6869662
1809,-5215.755722
1810,-3539.924071
1811,-0.369135057
1812,0.708296178
1813,0.175667421
1814,0.29177541
1815,-0.746178961
1816,0.656833572
1817,-4867.478591
1818,0.033673517
1819,0.980225711
1820,306.8960878
1821,-0.387051526
1822,-0.128156423
1823,-3389.817812
1824,1.111000018
1825,-3841.007962
1826,-8887.060638
1827,-0.29415889
1828,-6100.51208
1829,0.769832725
1830,-12892.64884
1831,0.997987646
1832,1.665020772
1833,3159.612962
1834,0.984764656
1835,-0.784487241
1836,1.001125921
1837,1.357704403
1838,-1.079356809
1839,-33953.26355
1840,0.279512522
1841,1.115385673
1842,-0.199034162
1843,-7603.84799
1844,-3164.773253
1845,-0.008756725
1846,-0.480669838
1847,-7116.506596
1848,1.36550622
1849,0.688523513
1850,-11644.16764
1851,0.457505789
1852,-13094.83735
1853,0.546078762
1854,-0.080530511
1855,-0.571115447
1856,-1853.737672
1857,71.08859329
1858,-14033.47055
1859,-0.006639635
1860,-0.274878681
1861,-0.390199006
1862,-1.042767148
1863,-2947.902798
1864,0.343566648
1865,-10791.86554
1866,-1494.758878
1867,-0.132937893
1868,-261.283162
1869,0.166619241
1870,0.663318409
1871,-0.182540271
1872,1.812817311
1873,-4137.218914
1874,0.094345169
1875,-9080.624267
1876,0.240614396
1877,0.4235168
1878,-5851.420409
1879,-2754.631478
1880,0.360315408
1881,0.734631884
1882,0.666201192
1883,-6712.311024
1884,0.308616198
1885,1.969628119
1886,0.414656875
1887,-563.5554285
1888,-13321.57935
1889,1.989958832
1890,-2660.880273
1891,-30032.03985
1892,-173.0283714
1893,-0.796739158
1894,-2249.721654
1895,-1.174991328
1896,0.345474644
1897,-7897.098543
1898,1.559524644
1899,-17800.9417
1900,-4552.390361
1901,673.1710788
1902,-0.907069609
1903,0.726287035
1904,-7659.28438
1905,-2348.180529
1906,-0.469981324
1907,0.216500863
1908,-10883.08857
1909,0.190795052
1910,0.875022163
1911,-5672.094141
1912,0.006670409
1913,1.629151448
1914,-0.04284838
1915,0.961991698
1916,-16935.50365
1917,-0.920424749
1918,-2509.137903
1919,-7362.878805
1920,-0.73706053
1921,-0.206874128
1922,-0.38048776
1923,-2618.604491
1924,-0.315131697
1925,2.422154222
1926,-0.186342986
1927,-4806.40979
1928,-0.798327802
1929,-6874.69919
1930,-3245.817228
1931,0.207235543
1932,-1547.646597
1933,1.242086254
1934,0.733340284
1935,2962.54087
1936,0.341550326
1937,0.064744838
1938,1.876375014
1939,-7737.488253
1940,1.575286519
1941,-5541.090758
1942,1.039465018
1943,0.191601458
1944,-0.685899847
1945,-3566.739251
1946,-15442.92426
1947,0.600418633
1948,-0.197722577
1949,0.680201553
1950,0.222409946
1951,0.53262392
1952,-3620.76571
1953,-1.07068935
1954,-6973.166584
1955,-10190.27018
1956,1.326311121
1957,0.164503089
1958,-0.698068168
1959,-0.498476343
1960,207.03442
1961,-163.6664168
1962,1415.259233
1963,0.126081836
1964,0.357098476
1965,-0.548208369
1966,0.008074339
1967,2.028291319
1968,0.449874706
1969,0.375542942
1970,-3967.126621
1971,-1.1166455
1972,-0.624925954
1973,-1.235971923
1974,0.412990671
1975,-4221.161138
1976,-13684.45436
1977,-13023.78938
1978,-0.48756338
1979,-0.702248351
1980,0.488756854
1981,-14895.58956
1982,20.42381352
1983,-35356.77478
1984,-0.840661945
1985,-0.769438912
1986,-0.374568846
1987,1.824671803
1988,-0.373117571
1989,-0.052479204
1990,-1.293851454
1991,-1.222418476
1992,0.854815784
1993,0.971393061
1994,-5788.428175
1995,-0.065511561
1996,1.14182799
1997,-1336.786557
1998,-0.328612847
1999,-0.306837219
2000,0.679557131
2001,0.621328517
2002,0.26603463
2003,1.054285816
2004,-1.172924556
2005,-0.663846804
2006,-0.150859021
2007,1.299260292
2008,-7390.734064
2009,19.88612728
2010,-0.315983573
2011,-37263.32144
2012,0.427742105
2013,1.310199984
2014,21.75225164
2015,-0.700080355
2016,-188.156425
2017,1.025068926
2018,-3315.077446
2019,-18692.62129
2020,-0.031883613
2021,-15587.94595
2022,-10257.54646
2023,0.185443566
2024,-0.598512069
2025,103.3664591
2026,0.398152716
2027,-0.857987928
2028,-0.980614511
2029,-1.792089205
2030,-1512.765008
2031,-0.267090573
2032,-5591.045837
2033,-14170.13034
2034,-29344.35594
2035,0.084508286
2036,0.955377354
2037,-312.6165691
2038,0.15647827
2039,1.475382434
2040,0.008822361
2041,-0.471056933
2042,0.662286133
2043,1.008814445
2044,0.895277892
2045,-0.567901493
2046,-756.0496828
2047,0.458683907
2048,-167.4442063
2049,678.3901673
2050,-2304.213472
2051,-0.053455339
2052,-0.835848579
2053,-0.503917106
2054,-3903.20501
2055,-0.175982123
2056,-14136.90158
2057,-3.32E-05
2058,-23928.32619
2059,0.697127403
2060,-0.297408361
2061,-0.540732455
2062,0.955538171
2063,-160.1803954
2064,-0.679650728
2065,-10933.08405
2066,1.418366666
2067,-5562.450551
2068,0.671763816
2069,1.076144227
2070,0.403863461
2071,-4865.245641
2072,-10057.18354
2073,-0.870999479
2074,0.956916673
2075,-0.557282705
2076,179.7246208
2077,-0.87392191
2078,-0.841842315
2079,0.721133476
2080,1.271688416
2081,0.411778529
2082,0.014445615
2083,1.744139277
2084,-0.383812058
2085,-0.149512947
2086,0.391204155
2087,-0.15786393
2088,0.159307725
2089,-0.848527368
2090,69.00421995
2091,-9190.167519
2092,0.969177511
2093,-0.595484267
2094,0.443590558
2095,2.457837531
2096,0.886546101
2097,0.266649647
2098,-0.73473574
2099,-0.115500613
2100,-0.225571406
2101,-1.086090682
2102,-7236.036135
2103,-6106.482815
2104,-0.205643257
2105,-4650.377926
2106,298.464665
2107,0.060282737
2108,0.331964321
2109,-0.525772809
2110,-11559.75578
2111,-11706.88115
2112,-0.952278396
2113,0.359840911
2114,-13569.44009
2115,-0.111752807
2116,-0.773123919
2117,-1.087195953
2118,2.588346322
2119,0.938803407
2120,-0.039533856
2121,1.891177464
2122,0.105604403
2123,-0.064314768
2124,-1.457447311
2125,-12325.08703
2126,-465.8099707
2127,-0.388120993
2128,-10261.46032
2129,0.596541459
2130,0.680986794
2131,-0.956283398
2132,1.162262481
2133,-0.336688959
2134,-0.262547092
2135,0.498259242
2136,-9420.584834
2137,-14422.73626
2138,-0.320078212
2139,0.066994181
2140,0.990073962
2141,-0.77635339
2142,0.127739314
2143,1.531686653
2144,-0.700372024
2145,0.633859971
2146,-0.374936822
2147,-6839.099807
2148,-5992.109544
2149,0.021361587
2150,-646.5617645
2151,-10111.87422
2152,-3980.927359
2153,-0.839719204
2154,-30563.79183
2155,-0.888453671
2156,1.479558989
2157,-0.247206843
2158,-8557.672601
2159,-0.932022355
2160,1.62739063
2161,0.032166743
2162,-0.419531766
2163,0.155168632
2164,2.240269806
2165,0.763589303
2166,-0.538301182
2167,1.22361804
2168,-17244.20376
2169,-0.599820637
2170,-0.632570871
2171,-0.941693124
2172,1.91373472
2173,-0.496639752
2174,-11185.62125
2175,0.39657592
2176,0.591477054
2177,-0.061163285
2178,-0.092263908
2179,-0.17956039
2180,-0.681607981
2181,-0.118650759
2182,-12007.88906
2183,-0.190027366
2184,0.174946529
2185,-4.559760792
2186,-0.263871138
2187,-1.005882026
2188,5376.497366
2189,-1772.113544
2190,1.724327281
2191,-0.458865715
2192,-8931.26485
2193,-0.751354414
2194,-3793.315625
2195,80.31592181
2196,2.299538687
2197,-0.833138324
2198,-0.333397777
2199,-0.768515476
2200,0.610438656
2201,-1485.560899
2202,0.562163962
2203,-8611.618851
2204,1.082898503
2205,-0.943691616
2206,0.323098642
2207,0.081754716
2208,0.071865903
2209,1.006945522
2210,0.107960348
2211,-0.103136113
2212,-0.838201016
2213,-8931.10688
2214,-0.702646463
2215,-0.503364497
2216,1.154506924
2217,-0.365819822
2218,-1.41750312
2219,-4729.223564
2220,0.057468124
2221,-1.027095563
2222,0.157359508
2223,-0.364293865
2224,0.156379487
2225,-0.021455877
2226,0.981514751
2227,-5460.587153
2228,0.023428391
2229,0.231850988
2230,0.606274829
2231,-2810.112034
2232,0.660563058
2233,-11859.98255
2234,-0.528617816
2235,1.110666054
2236,-26198.77787
2237,-1.542912102
2238,0.877708362
2239,0.897592738
2240,-0.013504011
2241,-1.557967562
2242,-608.7478684
2243,-0.92253383
2244,0.179512309
2245,1.096163633
2246,1.196873929
2247,1276.065434
2248,0.685674405
2249,-3893.020398
2250,-0.317262149
2251,0.930441371
2252,0.174864179
2253,102.5590814
2254,-8152.637731
2255,0.564339761
2256,0.557050483
2257,-17085.89691
2258,0.400419906
2259,-0.230536631
2260,0.954797651
2261,0.613358412
2262,-5173.905529
2263,0.093983534
2264,0.719758142
2265,-0.175960875
2266,0.39195317
2267,-0.018354835
2268,-1.101021867
2269,1.07800181
2270,-0.363380061
2271,-0.011655009
2272,0.113363667
2273,1.662152178
2274,-35269.16253
2275,0.5447909
2276,-17334.24235
2277,-0.250768315
2278,-8700.130496
2279,-2015.252766
2280,0.557895832
2281,-1.223699106
2282,-3446.376475
2283,0.10536141
2284,-0.064849431
2285,1006.607819
2286,-1.053910707
2287,0.123648424
2288,-0.229898665
2289,1.227755446
2290,-1254.225792
2291,2350.460019
2292,0.412620874
2293,0.435172976
2294,-0.583529364
2295,-4755.364749
2296,-0.332137839
2297,0.020523121
2298,-0.21869479
2299,-0.067613452
2300,1.054529678
2301,-189.0054205
2302,0.689500969
2303,-1.041234112
2304,-13865.03686
2305,1.280877485
2306,-3361.154001
2307,-0.061530543
2308,1.050059683
2309,0.095641579
2310,0.599798549
2311,-3372.350135
2312,-6999.807999
2313,0.019593571
2314,-1.852215823
2315,-24932.80877
2316,0.55419666
2317,-1.19607569
2318,-0.591367812
2319,723.261444
2320,0.164424799
2321,0.355441157
2322,0.024191315
2323,-0.685243367
2324,0.255052276
2325,-1.401767582
2326,0.452492403
2327,-4572.124122
2328,0.752819689
2329,-0.357138869
2330,-0.857838914
2331,0.486514361
2332,0.769482034
2333,-0.425322116
2334,-2167.197321
2335,0.346418271
2336,1855.584793
2337,-20387.52683
2338,0.633250502
2339,1.880485665
2340,2.619883198
2341,1.405832062
2342,-3815.660982
2343,-5278.521122
2344,-1.68296775
2345,-0.200226557
2346,-9393.639264
2347,-0.171935086
2348,-1.068647666
2349,253.0004789
2350,0.012112668
2351,-0.07781425
2352,-9753.252167
2353,-0.512989093
2354,-1601.753758
2355,0.218264579
2356,-1777.070898
2357,-31778.07303
2358,-0.240953462
2359,-7968.349213
2360,0.586419873
2361,-0.491639191
2362,0.583814101
2363,-18233.28991
2364,-0.822220118
2365,-0.110406289
2366,1.085292764
2367,-0.260788921
2368,1.01683012
2369,0.361156548
2370,-2469.756474
2371,-4330.361111
2372,-11519.43332
2373,2.897677169
2374,-1.025031685
2375,-8696.936658
2376,-1321.70248
2377,0.080523915
2378,-1705.123487
2379,-2.519207807
2380,0.418884202
2381,0.254382712
2382,-3046.217114
2383,-1.391202714
2384,0.329850661
2385,-0.384185539
2386,0.584930005
2387,-0.939108526
2388,-1860.37971
2389,-1537.528161
2390,-7627.193042
2391,-0.188052338
2392,0.324114644
2393,0.137715437
2394,-1170.461636
2395,-9218.425226
2396,0.917258347
2397,-0.802429486
2398,-0.677439056
2399,-0.562022228
2400,-2.447851118
2401,-20358.64734
2402,714.5962074
2403,0.015608918
2404,-0.864283792
2405,1.106817794
2406,-0.363217721
2407,-0.591375463
2408,-1.79163931
2409,-6941.632873
2410,1.687463195
2411,-4661.14095
2412,-4091.769373
2413,-0.773298596
2414,-0.179167761
2415,-5836.140267
2416,-3908.384564
2417,0.434966651
2418,0.255147527
2419,-0.862295366
2420,-0.201475723
2421,-0.017975189
2422,0.728941776
2423,-0.050505015
2424,-4132.881348
2425,0.576699361
2426,1.257018163
2427,0.38858888
2428,-0.921775987
2429,0.95576772
2430,0.328772495
2431,0.2441573
2432,-9267.396626
2433,0.212915011
2434,-0.402055894
2435,-3791.989496
2436,0.151060589
2437,-0.280702443
2438,-692.9892831
2439,0.901205836
2440,0.13327088
2441,-2055.216504
2442,-14033.31584
2443,0.767298425
2444,0.05408052
2445,0.710095363
2446,0.986109057
2447,-0.05312731
2448,-1.659855764
2449,0.678006928
2450,2.400875382
2451,-6076.139471
2452,-0.518331386
2453,0.962098605
2454,1.244972628
2455,0.330592913
2456,-0.077462074
2457,-0.439919045
2458,0.468656936
2459,0.30090183
2460,-0.3121158
2461,-0.503340093
2462,-4539.008268
2463,-2313.028627
2464,-1.764519659
2465,-0.624314448
2466,1.014601448
2467,-13078.78163
2468,1.090097569
2469,1.283969381
2470,-735.2777773
2471,-0.843854153
2472,-5168.219808
2473,-1.140209999
2474,0.228762156
2475,-0.909812627
2476,-0.761879083
2477,44.24749081
2478,0.437880532
2479,-14746.61753
2480,0.065447449
2481,-14364.28866
2482,0.362251294
2483,4053.794957
2484,-3376.456627
2485,0.563940839
2486,0.754383113
2487,0.321514352
2488,1.066368796
2489,0.091307068
2490,0.007926928
2491,0.920170305
2492,0.433191472
2493,-4227.654676
2494,0.418325384
2495,-4602.134437
2496,2.161232037
2497,-35419.80294
2498,-34712.71642
2499,-0.239933929
2500,-5597.110946
2501,0.174790891
2502,-0.931494529
2503,0.478276913
2504,-14938.65688
2505,-13185.39902
2506,-0.119950209
2507,0.594101943
2508,-7283.431466
2509,-9838.718011
2510,0.153821853
2511,-2859.72919
2512,-0.81828563
2513,-6132.180043
2514,-5069.705626
2515,-1537.432443
2516,-0.311124751
2517,-0.885456685
2518,0.410126905
2519,-0.289791723
2520,-0.159889234
2521,-3977.950802
2522,0.628438238
2523,-0.39495702
2524,-0.060983871
2525,-0.905118227
2526,-0.056789084
2527,-0.669055505
2528,-0.870891135
2529,442.2876276
2530,-0.48015317
2531,-0.034811655
2532,-0.011516526
2533,0.106815846
2534,0.895637564
2535,-0.276334862
2536,1.592802406
2537,-2288.387821
2538,934.5565162
2539,0.448861641
2540,74.52711157
2541,-23369.68867
2542,-1572.983761
2543,0.15632114
2544,-0.275212922
2545,-12361.38266
2546,-3662.919536
2547,-0.237403391
2548,0.993073261
2549,-4258.544584
2550,-6022.934343
2551,0.21070224
2552,-1.416021378
2553,-0.509928928
2554,0.35221922
2555,0.336489061
2556,-15558.52705
2557,-2.012687366
2558,-0.196864259
2559,-4678.662004
2560,0.101874727
2561,-9819.740578
2562,-12368.58821
2563,0.441286242
2564,-6611.836705
2565,0.283731838
2566,-14124.13386
2567,-0.425729831
2568,-10128.11057
2569,0.13943574
2570,-1.084403605
2571,0.672602463
2572,1.008008433
2573,1.37929032
2574,-0.287358738
2575,-8043.355921
2576,1.010374612
2577,0.023232582
2578,-489.504887
2579,-0.105937745
2580,-0.467606023
2581,-0.379940324
2582,-17441.44502
2583,2.047045114
2584,2110.800485
2585,-4627.858447
2586,-0.637810636
2587,-0.058763606
2588,-596.2892713
2589,0.255118723
2590,0.305320238
2591,-0.170585727
2592,-0.174483401
2593,-0.20379097
2594,0.030254856
2595,-3969.087085
2596,-0.945036277
2597,0.71383782
2598,776.3612972
2599,-0.201901914
2600,-10272.64117
2601,0.916008336
2602,0.36084377
2603,0.023852837
2604,0.457619387
2605,-2360.081942
2606,0.632211931
2607,-1.407976618
2608,-9996.476139
2609,-0.345975644
2610,-996.7581204
2611,1.062425549
2612,457.7235576
2613,-14748.20358
2614,0.935221656
2615,-0.757677872
2616,1.996590666
2617,-15867.86358
2618,0.010901079
2619,-18114.11462
2620,0.525048354
2621,-881.6088023
2622,-3375.189248
2623,0.761056411
2624,-0.562226114
2625,-0.144480572
2626,-12022.08406
2627,-3.46176176
2628,-28591.88526
2629,-0.15194755
2630,0.313987966
2631,0.175381893
2632,-0.489851145
2633,0.320446552
2634,0.613962679
2635,2.442012093
2636,1.117719257
2637,0.19919568
2638,-3541.444764
2639,-20387.44748
2640,-354.7537658
2641,-7384.759332
2642,-1.065806449
2643,-24890.85466
2644,0.248617836
2645,-0.969850587
2646,-5714.796147
2647,-1138.821321
2648,0.156866509
2649,-0.629255282
2650,-0.39407886
2651,1.085769721
2652,1.20368074
2653,-948.7071057
2654,0.132110131
2655,-0.188815997
2656,1.535882197
2657,1.183919084
2658,-20065.26925
2659,-37444.79654
2660,-0.489788344
2661,0.333953622
2662,-0.496213392
2663,-0.17572468
2664,-0.078989005
2665,-10750.88069
2666,-2128.246165
2667,-0.02308294
2668,-0.834869106
2669,1.434971028
2670,-3475.926939
2671,-0.669047976
2672,-8261.47844
2673,-0.808103694
2674,-758.7268372
2675,-5114.869645
2676,-1.607492892
2677,1.563535133
2678,-2368.892809
2679,-5257.422231
2680,-21034.24823
2681,0.087070645
2682,0.143033
2683,1.429829232
2684,-0.457563702
2685,0.456099042
2686,0.818806679
2687,0.590162442
2688,-0.733062485
2689,-392.747965
2690,-0.017343312
2691,0.129279727
2692,0.779318973
2693,0.228986379
2694,-1128.200081
2695,1034.576681
2696,-0.642090598
2697,0.161080313
2698,-4842.366562
2699,-0.259111755
2700,-1.617746595
2701,-0.903598525
2702,-1009.339256
2703,0.339364409
2704,-0.55603991
2705,-0.511782445
2706,-0.178974332
2707,-224.4339395
2708,1270.40799
2709,0.385345223
2710,0.256002355
2711,1.221474876
2712,0.403115042
2713,-0.103705409
2714,-5633.374519
2715,-3693.831013
2716,-7401.723468
2717,-0.758726877
2718,1.046803505
2719,-4085.851796
2720,0.834513273
2721,-0.436647891
2722,-0.782334744
2723,0.383228306
2724,0.106882929
2725,0.931851904
2726,-11341.71108
2727,-1.058640922
2728,0.616670154
2729,-0.983587858
2730,-4903.219319
2731,0.560736078
2732,-22671.2834
2733,1603.710942
2734,-5311.89364
2735,-0.457984983
2736,1.237137999
2737,-0.671233478
2738,0.048137673
2739,0.067480046
2740,1.231705593
2741,0.329918574
2742,-0.815678052
2743,-8073.603621
2744,0.002387387
2745,-0.781831879
2746,-0.609032317
2747,-1.869947657
2748,0.844018431
2749,-8866.92201
2750,0.249901113
2751,0.15996876
2752,-330.0734722
2753,-0.52915798
2754,-12973.21482
2755,-0.970749697
2756,-2599.48297
2757,1.574179578
2758,-0.289354521
2759,-0.571531294
2760,2.607921754
2761,38.67534157
2762,0.166208611
2763,-6957.745574
2764,562.809328
2765,-0.879358112
2766,-7229.434683
2767,-8031.467593
2768,-1446.743647
2769,-0.209832668
2770,0.761704419
2771,0.511090947
2772,0.538806356
2773,-23409.62369
2774,-0.227171913
2775,-18487.18199
2776,-8674.847009
2777,1.276536898
2778,-2348.900937
2779,-1.129062811
2780,-1.537208052
2781,0.947641316
2782,0.161596306
2783,0.520379128
2784,0.926914254
2785,0.373992164
2786,0.814690821
2787,-7265.145105
2788,0.577408956
2789,0.445299847
2790,-621.690265
2791,-34009.25838
2792,1.206593199
2793,-7081.57216
2794,3216.469346
2795,1.763130652
2796,-0.360075671
2797,-1.405263851
2798,-0.127942529
2799,-8671.361284
2800,-0.062630151
2801,-0.449536703
2802,0.068016864
2803,-3886.412174
2804,-0.544390679
2805,-0.37316875
2806,-0.098247994
2807,-8433.441056
2808,0.686925706
2809,-4.289948
2810,1.018886238
2811,-17042.51956
2812,4747.71489
2813,-0.74444161
2814,-0.166389628
2815,-0.490249739
2816,-1739.109601
2817,-18381.9572
2818,-0.008643338
2819,0.106462445
2820,1099.278753
2821,-0.096572406
2822,-8138.672809
2823,-30533.20483
2824,-0.96386628
2825,1.426377085
2826,0.130899183
2827,0.256933606
2828,-2724.971297
2829,0.674690199
2830,0.732908309
2831,1.030791302
2832,-0.345266401
2833,-2274.426844
2834,0.212610517
2835,-8817.126956
2836,0.090956456
2837,-37.7971819
2838,1.261776149
2839,0.370063137
2840,-912.4331582
2841,-6014.60848
2842,-0.18754948
2843,1.459900314
2844,-0.297275735
2845,-0.997869393
2846,-1.067165717
2847,-764.998967
2848,0.034566899
2849,0.508814232
2850,1403.581447
2851,0.623972442
2852,-0.304359673
2853,0.638182152
2854,-0.31644362
2855,-0.318868372
2856,-0.007788992
2857,0.401076103
2858,-108.6482087
2859,0.963270376
2860,-2917.459858
2861,0.167078563
2862,-1.563444868
2863,999.1333229
2864,-0.603579983
2865,205.046841
2866,0.196351602
2867,-1.317123106
2868,-0.192628007
2869,-1.914850766
2870,1.203569886
2871,-6598.754375
2872,0.590727332
2873,-17386.2291
2874,-28721.44778
2875,-14998.75557
2876,-22085.63955
2877,0.098866382
2878,1.179625512
2879,-79.31448895
2880,-0.12790378
2881,-0.738240636
2882,-0.441024632
2883,0.506274857
2884,-11572.96054
2885,0.864737992
2886,-0.007153664
2887,-9377.200633
2888,0.245483754
2889,-614.4789853
2890,-3510.271633
2891,3336.685928
2892,-1.349931641
2893,0.397214053
2894,0.706233135
2895,-0.305382931
2896,-11543.80998
2897,1.117100094
2898,-37285.50078
2899,454.8463735
2900,-0.60322211
2901,0.567715124
2902,-0.017673397
2903,-0.121583181
2904,0.249417994
2905,-21084.00255
2906,0.474990831
2907,-1.101139432
2908,-16515.65069
2909,-0.306601344
2910,-8238.295053
2911,-0.391169326
2912,1.182033376
2913,-0.768209183
2914,-5138.255258
2915,0.094790163
2916,-0.717946503
2917,-0.5729319
2918,785.7672972
2919,-24074.55539
2920,-10440.00339
2921,0.276003376
2922,0.122844863
2923,0.552531832
2924,-0.939249374
2925,-0.196960943
2926,0.11022529
2927,-14511.18959
2928,-21121.82399
2929,-1.324385842
2930,-5302.425748
2931,1.390209527
2932,1.138491205
2933,-244.0931881
2934,-0.11249679
2935,-4093.996387
2936,-3088.856487
2937,0.507557347
2938,-0.090703925
2939,-653.1143757
2940,0.14469316
2941,0.357585119
2942,-4115.768898
2943,0.935384057
2944,-2075.7294
2945,-176.979683
2946,-1537.144161
2947,-0.913891003
2948,1.572760867
2949,-0.838293103
2950,-0.640384
2951,-0.879726033
2952,-2970.074604
2953,0.050009548
2954,-0.13736309
2955,-20006.98591
2956,-1.120164029
2957,1.358589658
2958,-2.298934496
2959,-1740.425001
2960,-8130.23044
2961,-598.7388598
2962,0.548645732
2963,0.373021877
2964,-0.166204528
2965,-0.252052415
2966,-0.585120892
2967,-0.725875359
2968,-0.0517692
2969,-0.668354548
2970,3206.194316
2971,0.186664792
2972,0.14841163
2973,-6339.624316
2974,522.6625087
2975,-8218.872608
2976,-1.055024854
2977,-0.338395566
2978,0.046260933
2979,1.27635927
2980,0.758928868
2981,0.985570682
2982,-0.137316525
2983,-0.01319282
2984,0.339600419
2985,0.195629692
2986,0.056955516
2987,0.675236721
2988,-0.547450214
2989,-0.50533785
2990,-6936.659479
2991,-1.519695075
2992,0.479261151
2993,-10729.63025
2994,0.424633667
2995,0.243378772
2996,-0.17807258
2997,2186.687976
2998,-8185.217828
2999,0.083375138
3000,0.680450076
3001,-1.047463471
3002,0.665005696
3003,1.121801353
3004,-0.183283564
3005,-0.743611641
3006,-0.09585576
3007,1.185786202
3008,0.74356137
3009,-0.374885704
3010,-2.009643165
3011,-0.391798005
3012,-0.957466156
3013,0.664750798
3014,-0.329768415
3015,-0.844441969
3016,-2906.775827
3017,-0.177035666
3018,-0.206954296
3019,0.507435612
3020,-0.491055373
3021,-0.343766389
3022,92.54368019
3023,-0.29115533
3024,0.421984585
3025,-0.797346088
3026,1.192355164
3027,-3107.828722
3028,1.28920809
3029,20.54528055
3030,0.233156585
3031,-0.925573672
3032,-0.288548757
3033,0.100936932
3034,-3134.366233
3035,-7208.144811
3036,1.012236333
3037,-14205.15204
3038,-0.459681055
3039,-0.288009314
3040,-19519.88576
3041,0.311369459
3042,-0.567285256
3043,-3704.880006
3044,-0.203958745
3045,-0.187475985
3046,-6485.476641
3047,-779.8079759
3048,0.127722763
3049,-0.038693934
3050,0.410047335
3051,-7341.61783
3052,-0.673874157
3053,-0.13863688
3054,-0.664459823
3055,-8084.282292
3056,-6925.551234
3057,-1.482219235
3058,-0.847242529
3059,-26640.89341
3060,-7991.914224
3061,-972.4834328
3062,-0.385475081
3063,-5346.059988
3064,137.577338
3065,-0.515200536
3066,-0.406595949
3067,1.528242602
3068,-2704.335442
3069,0.316607109
3070,0.401754693
3071,-0.355028133
3072,1.750091152
3073,-7047.606886
3074,-0.833305688
3075,0.867732726
3076,0.091394357
3077,-1.606380277
3078,-18958.4498
3079,-1.064369912
3080,-1.125144122
3081,-0.121602004
3082,-10077.58124
3083,0.68105299
3084,527.0427347
3085,0.5033355
3086,0.882363074
3087,-2.80967242
3088,0.140697459
3089,-9394.263771
3090,-0.526760549
3091,-0.297088836
3092,0.13113527
3093,0.187658946
3094,-8569.759909
3095,0.033494857
3096,-5291.801146
3097,0.184385627
3098,-683.2633567
3099,87.6356971
3100,1.099316632
3101,-9798.959821
3102,-11312.56567
3103,-0.076104794
3104,0.00734216
3105,-0.567066845
3106,-10446.2108
3107,1.209074445
3108,0.274152728
3109,-3234.072451
3110,-1.46068242
3111,-10431.14824
3112,-0.592879555
3113,-0.859766076
3114,-0.336206339
3115,0.268621933
3116,-1.566847851
3117,0.27571513
3118,1140.153148
3119,-0.074385446
3120,1.994676878
3121,0.07435175
3122,0.076868816
3123,-7717.863607
3124,0.506109846
3125,-16921.51378
3126,0.152996618
3127,-4556.351506
3128,-13359.79279
3129,-36175.43561
3130,-1491.904394
3131,0.06977676
3132,-0.091240867
3133,-6247.996437
3134,0.362371255
3135,1.769571191
3136,0.246968116
3137,-5232.397379
3138,1.051803862
3139,0.848785312
3140,0.762685882
3141,-0.323076343
3142,-9259.582362
3143,0.470769524
3144,-1.227469607
3145,0.709512213
3146,-1.623139787
3147,0.371939244
3148,-0.934217596
3149,-11881.9781
3150,-16030.93973
3151,0.18429374
3152,1.388508483
3153,63.36690105
3154,-0.055781954
3155,-1.155481933
3156,-2284.745294
3157,-13736.29843
3158,-0.397889709
3159,0.750182696
3160,-1877.944266
3161,-0.413871922
3162,-0.304742329
3163,0.316499577
3164,-0.362554777
3165,0.037040845
3166,-1.23035916
3167,-1017.158653
3168,2.163191071
3169,0.491132105
3170,0.93552729
3171,-0.067306415
3172,-30220.48882
3173,-3502.360729
3174,-5140.864715
3175,-1.600852216
3176,-20009.17661
3177,0.690371437
3178,0.58694396
3179,0.154616276
3180,-0.566859936
3181,-3177.965221
3182,1.579371563
3183,-741.1890222
3184,0.153656665
3185,-1.209862592
3186,-4663.003305
3187,-1.447218911
3188,0.178604567
3189,-0.77371422
3190,-0.059209311
3191,-4416.780701
3192,-2020.165056
3193,1184.978555
3194,-0.311359544
3195,1.142687726
3196,0.380489545
3197,0.852665349
3198,0.374385865
3199,-0.674027181
3200,-0.420473493
3201,0.467487273
3202,-1.283350146
3203,-6289.199884
3204,-15279.53825
3205,-6921.994032
3206,0.38339385
3207,-7994.200376
3208,-18540.46898
3209,-18734.32781
3210,-1.776564493
3211,-0.979188782
3212,0.399966716
3213,0.004558145
3214,-17200.92389
3215,-22945.99869
3216,-17599.11425
3217,-13672.85401
3218,-9699.941138
3219,-12127.42476
3220,-29952.27072
3221,-12766.4295
3222,-21239.27423
3223,-17557.76758
3224,-7155.56708
3225,-29074.20428
3226,-6366.130675
3227,-2021.461355
3228,-10865.51097
3229,-8759.643965
3230,-9124.89488
3231,-12602.41175
3232,-9625.231062
3233,-24303.20123
3234,-2397.207991
3235,-1992.535445
3236,-4681.515942
3237,-6481.146625
3238,1759.990678
3239,-2158.972968
3240,-7384.112726
3241,-12829.09474
3242,-27082.24285
3243,-7111.419801
3244,-18873.75967
3245,257.8982737
3246,-6080.505135
3247,-7819.96467
3248,-7204.12368
3249,-18909.85218
3250,563.9733212
3251,-9035.530533
3252,2570.167022
3253,-7230.553411
3254,-1871.178995
3255,-2987.6892
3256,-2517.147261
3257,-16288.11796
3258,-4059.665829
3259,-20909.92915
3260,-12007.31934
3261,-8627.451856
3262,-23130.68244
3263,-17038.63812
3264,-4824.589995
3265,-6511.906182
3266,-22859.59957
3267,-8088.405561
3268,-13458.94879
3269,-19802.3714
3270,-11824.73099
3271,-8854.165826
3272,-233.9660812
3273,-2106.235776
3274,-1071.71284
3275,-16696.25792
3276,-3783.892795
3277,-7324.136205
3278,-21921.75331
3279,-1018.118208
3280,-4307.393647
3281,-9885.445573
3282,-21686.30282
3283,-4141.540137
3284,-7323.840588
3285,1584.761852
3286,-3431.516993
3287,-866.2382835
3288,-4960.339555
3289,-6304.824742
3290,-30165.46362
3291,-1279.803685
3292,-6698.610123
3293,-12776.06557
3294,-25992.3206
3295,-4993.071641
3296,-5900.090886
3297,-16828.87081
3298,-13637.49586
3299,1078.918169
3300,-753.3533731
3301,-17981.2835
3302,-1435.025003
3303,-9391.709214
3304,-6775.969581
3305,-10132.21018
3306,-4020.116699
3307,-4124.622992
3308,-29171.92367
3309,-14546.18509
3310,-1907.255254
3311,-5759.122713
3312,-8690.735614
3313,-15281.1842
3314,-7517.468614
3315,-3769.930812
3316,66.03052681
3317,-7255.825467
3318,-10268.87768
3319,-5206.096619
3320,-4780.401914
3321,-4942.631708
3322,-2799.048906
3323,-13331.20911
3324,-12260.93235
3325,-9803.588537
3326,-6948.67844
3327,-17606.97349
3328,1238.170008
3329,-4186.973896
3330,-29337.80868
3331,-28583.23943
3332,-18294.88977
3333,-7895.180499
3334,-8038.73568
3335,-2880.367413
3336,-8035.657672
3337,-8993.485624
3338,-13648.52003
3339,-28509.88176
3340,-27515.0041
3341,-13128.49567
3342,-7951.393664
3343,63.21629833
3344,-4759.04795
3345,-448.4699857
3346,-21214.17832
3347,-13712.18502
3348,-5971.461239
3349,-21158.12048
3350,-3925.484653
3351,-10590.98676
3352,-5403.728728
3353,-8217.577323
3354,-34691.45215
3355,-1664.655002
3356,-2655.09464
3357,-2410.925054
3358,-9867.200837
3359,-29921.91307
3360,-1588.968233
3361,-29822.99012
3362,-10109.76425
3363,-2037.288181
3364,-14444.55621
3365,-8290.786456
3366,-8748.465232
3367,-17594.53973
3368,-5276.703255
3369,-564.034056
3370,-1435.552035
3371,-3367.120569
3372,-16004.75064
3373,-1529.491711
3374,-13808.29408
3375,-2420.768121
3376,-8379.104697
3377,-19156.86723
3378,-12779.03917
3379,-21308.06749
3380,-5618.664705
3381,-1664.681592
3382,-3481.24085
3383,2797.563799
3384,-18809.66936
3385,-21387.96874
3386,-11039.35224
3387,-7980.11838
3388,-20768.85066
3389,-19315.0269
3390,-6577.578041
3391,-34434.74282
3392,-12218.53216
3393,-3637.761239
3394,-2825.060493
3395,-6840.171023
3396,-13492.57494
3397,-7740.360899
3398,-1496.86253
3399,-25622.92675
3400,-20262.56612
3401,-18275.46679
3402,-8794.320454
3403,-18312.64874
3404,-4532.388152
3405,1529.602566
3406,-14607.1736
3407,3856.546239
3408,4379.947104
3409,-5589.47046
3410,-12801.18208
3411,-6566.452221
3412,-13346.85815
3413,-3536.298349
3414,-15258.49674
3415,-976.4188829
3416,-5032.998406
3417,-13249.21809
3418,-23617.34686
3419,-8629.500785
3420,-4832.684398
3421,-9145.166502
3422,-18038.64271
3423,-20730.28711
3424,-12944.36785
3425,-5103.434347
3426,-18311.76
3427,1174.270324
3428,-2599.639283
3429,-1805.841889
3430,-15632.99716
3431,-8723.636857
3432,-19486.85557
3433,-23629.65094
3434,-1478.115717
3435,-12826.8154
3436,321.5446343
3437,-8215.811173
3438,-21923.57271
3439,-5599.809947
3440,-23848.51112
3441,-2920.029761
3442,-8633.141589
3443,-1711.362652
3444,-15645.35601
3445,-9699.800033
3446,-4263.315805
3447,-6304.090418
3448,-5540.445767
3449,-4316.100758
3450,-22579.11441
3451,-21465.93169
3452,-10304.70959
3453,-7848.812112
3454,-1218.533737
3455,-1603.094599
3456,-26751.56208
3457,-12160.41187
3458,-4997.633138
3459,-20606.54409
3460,-2720.131848
3461,-20317.79608
3462,-11884.77161
3463,-19454.53009
3464,91.61033294
3465,-12124.86638
3466,-8177.413769
3467,-7044.408025
3468,-3233.854603
3469,-12003.32784
3470,-8012.31348
3471,-1253.519834
3472,-6626.262919
3473,-1045.986238
3474,-30109.63417
3475,-2866.632239
3476,-7226.535457
3477,190.4181904
3478,-3799.368511
3479,-8193.113888
3480,1721.064188
3481,-15770.51886
3482,-5142.545019
3483,-16741.11204
3484,-9106.063199
3485,-5221.240013
3486,-6122.388997
3487,-4401.018836
3488,-37810.05643
3489,-2255.895831
3490,-6827.358991
3491,-13881.08182
3492,-13315.95992
3493,-11653.88612
3494,-18115.10054
3495,-13643.69897
3496,-7006.975118
3497,-7431.317267
3498,-9823.387964
3499,-5181.350094
3500,-3966.737943
3501,-15615.64052
3502,-3193.482449
3503,-1039.366944
3504,-177.0778238
3505,-6167.009031
3506,-14278.8654
3507,-6688.888285
3508,-8562.3373
3509,-6921.113749
3510,-8545.598938
3511,-9433.922599
3512,-6250.133898
3513,-6245.39782
3514,-9580.665184
3515,-2467.463107
3516,-5886.133853
3517,-13668.28531
3518,-8893.024841
3519,-28408.52457
3520,-5906.2739
3521,-3499.452827
3522,-10545.31888
3523,-15834.77678
3524,-6536.368116
3525,-11606.63401
3526,-19911.9169
3527,-30139.9186
3528,-9630.630185
3529,-22405.22332
3530,-14307.25937
3531,-14861.30268
3532,-26522.62285
3533,-4224.99581
3534,-13831.5809
3535,-4321.304858
3536,-5525.865904
3537,-28086.4697
3538,-3744.491634
3539,-24582.04686
3540,-5564.80241
3541,-8208.143269
3542,-21087.62639
3543,-9683.190241
3544,-5318.412724
3545,-10535.1065
3546,-7753.553708
3547,-10476.48839
3548,-10715.71815
3549,-727.1457725
3550,-249.4007653
3551,-6113.508973
3552,-598.5131218
3553,-6130.331863
3554,-1905.918741
3555,-5702.692998
3556,-4350.221999
3557,-7458.027754
3558,-4928.170606
3559,-6704.216212
3560,-29549.84635
3561,-13840.70219
3562,-30267.08717
3563,-19368.836
3564,-27174.38249
3565,-5781.517154
3566,-4005.162633
3567,-6416.714867
3568,-28933.98304
3569,-4467.89538
3570,-20286.85686
3571,4813.463467
3572,-12649.45515
3573,-19193.72241
3574,-9039.316805
3575,-14518.42683
3576,-12811.8937
3577,-6652.772302
3578,-7355.666464
3579,-11417.86474
3580,-3074.376121
3581,-8663.828122
3582,179.3761105
3583,-8223.148904
3584,-23944.04889
3585,-12841.37748
3586,-23917.03339
3587,-17576.2428
3588,-28774.67126
3589,-9231.670923
3590,-11999.23367
3591,-5860.641151
3592,-5783.359497
3593,-1470.07974
3594,-10943.95734
3595,2356.462854
3596,-7322.540583
3597,422.8666225
3598,-4825.138796
3599,-13209.8277
3600,-21350.08567
3601,-7787.873869
3602,-22076.19952
3603,-3396.714986
3604,-17975.86596
3605,-11401.58213
3606,-9042.477687
3607,-3115.481268
3608,-258.0605097
3609,-13399.79109
3610,-14413.31851
3611,-6429.654564
3612,-4880.807278
3613,-15628.44851
3614,-3823.251514
3615,-834.3777188
3616,-34224.64373
3617,1144.632901
3618,488.0601795
3619,-5665.111319
3620,-21720.0173
3621,-6320.185698
3622,-9381.289539
3623,-3175.759742
3624,-19811.1208
3625,-1179.430417
3626,-8949.743254
3627,-7481.271633
3628,-3217.679185
3629,-19992.54754
3630,-5336.332853
3631,-8029.27107
3632,-5545.159867
3633,-15832.00958
3634,-13303.97065
3635,-13986.31596
3636,-6682.660234
3637,-17980.11873
3638,-13863.51962
3639,-29985.40264
3640,-910.5517334
3641,-4717.902455
3642,-8672.375911
3643,-9429.78676
3644,-3678.117902
3645,-11795.81272
3646,-3448.974465
3647,-2587.180391
3648,-9963.344716
3649,-14840.33146
3650,-3854.193414
3651,-10207.93825
3652,-15645.8247
3653,-5111.178806
3654,-5418.249783
3655,-22623.71767
3656,-13595.91484
3657,-297.8438678
3658,-20160.22601
3659,-18932.7942
3660,-7599.446298
3661,-2559.48653
3662,-18252.97523
3663,1020.897025
3664,-13074.13676
3665,-14233.46
3666,-5159.659296
3667,2548.422166
3668,-17626.86625
3669,-1846.568308
3670,-2672.869218
3671,-2132.075602
3672,-7718.218216
3673,-7642.110152
3674,-16470.92201
3675,-13306.65957
3676,-431.6068361
3677,-14064.29533
3678,-3189.362794
3679,-11851.18841
3680,-17915.964
3681,-18420.49898
3682,-20004.89329
3683,-25011.27383
3684,-8072.948687
3685,-5139.346524
3686,-12075.67985
3687,-10022.89385
3688,-10846.87002
3689,-11660.18185
3690,-13098.06934
3691,-18380.84757
3692,-22694.50122
3693,-6579.87019
3694,-13838.50105
3695,-37207.21446
3696,-26471.9971
3697,-8819.28159
3698,-1974.798576
3699,-2189.747387
3700,-13603.92782
3701,-6306.629493
3702,-7022.727224
3703,-17588.1065
3704,-6048.651449
3705,-12530.29811
3706,-13233.70156
3707,2382.941007
3708,-5430.250456
3709,-12882.01804
3710,642.4782613
3711,-24534.58166
3712,-7460.857343
3713,-17802.48667
3714,-22226.86755
3715,-19526.41064
3716,-4698.093527
3717,-15404.42283
3718,-7606.042968
3719,-13728.72701
3720,-5947.391336
3721,-7986.679328
3722,-9410.114922
3723,-7291.768157
3724,-7395.048631
3725,-9346.256714
3726,545.9362381
3727,-13720.17783
3728,-23362.16717
3729,-9516.214142
3730,-3402.218046
3731,-6357.271499
3732,-30328.24523
3733,-5131.036412
3734,-29649.424
3735,-20854.18603
3736,-12341.47828
3737,-4222.233013
3738,-13211.74305
3739,-1283.952236
3740,1055.392832
3741,-9698.862758
3742,-16426.25053
3743,-30091.94798
3744,-8896.054347
3745,-683.4934099
3746,-30022.19668
3747,-10341.45786
3748,-4151.120579
3749,-6276.723957
3750,-12092.33473
3751,-13075.45782
3752,-4377.678878
3753,-11375.16232
3754,-7120.105517
3755,-22430.72626
3756,-28332.32498
3757,-4689.229798
3758,-10922.13879
3759,-6768.267971
3760,-13426.99466
3761,-13821.49554
3762,-9074.68233
3763,-12979.70225
3764,-6937.323286
3765,-3246.603193
3766,-717.2857898
3767,-8693.161443
3768,-5195.182669
3769,-21638.9854
3770,-5838.790756
3771,-5792.853561
3772,-7644.466294
3773,-12471.9703
3774,-4366.082759
3775,-5146.665926
3776,-17074.31805
3777,-5189.596746
3778,-6979.469848
3779,-7512.1688
3780,-16496.29546
3781,-4842.510135
3782,-4382.184828
3783,-7794.910441
3784,-2545.640033
3785,941.088365
3786,-10483.04328
3787,-11840.60339
3788,-3664.74886
3789,-9477.732322
3790,-9918.503518
3791,-35553.23029
3792,-5104.794257
3793,-15004.1367
3794,-1433.35601
3795,-2557.309718
3796,-4265.508694
3797,-16640.2592
3798,-4376.692321
3799,-18881.53953
3800,-15321.61914
3801,-3380.581586
3802,-16351.71019
3803,-12341.22592
3804,-13768.70521
3805,-29627.03406
3806,-4167.641838
3807,-1257.633407
3808,-9918.800692
3809,-1365.305907
3810,-30589.78794
3811,-5912.103922
3812,-3967.069517
3813,-14226.93455
3814,-34263.29428
3815,52.0955369
3816,-7731.917241
3817,-3919.111416
3818,-6431.940618